date,oil_price
2013-01-01,93.14
2013-01-02,93.14
2013-01-03,92.97
2013-01-04,93.12
2013-01-05,93.14666666666668
2013-01-06,93.17333333333333
2013-01-07,93.2
2013-01-08,93.21
2013-01-09,93.08
2013-01-10,93.81
2013-01-11,93.6
2013-01-12,93.82333333333332
2013-01-13,94.04666666666667
2013-01-14,94.27
2013-01-15,93.26
2013-01-16,94.28
2013-01-17,95.49
2013-01-18,95.61
2013-01-19,95.73
2013-01-20,95.85
2013-01-21,95.97
2013-01-22,96.09
2013-01-23,95.06
2013-01-24,95.35
2013-01-25,95.15
2013-01-26,95.41666666666667
2013-01-27,95.68333333333334
2013-01-28,95.95
2013-01-29,97.62
2013-01-30,97.98
2013-01-31,97.65
2013-02-01,97.46
2013-02-02,97.04333333333332
2013-02-03,96.62666666666667
2013-02-04,96.21
2013-02-05,96.68
2013-02-06,96.44
2013-02-07,95.84
2013-02-08,95.71
2013-02-09,96.14333333333333
2013-02-10,96.57666666666667
2013-02-11,97.01
2013-02-12,97.48
2013-02-13,97.03
2013-02-14,97.3
2013-02-15,95.95
2013-02-16,96.135
2013-02-17,96.32
2013-02-18,96.505
2013-02-19,96.69
2013-02-20,94.92
2013-02-21,92.79
2013-02-22,93.12
2013-02-23,92.99333333333334
2013-02-24,92.86666666666666
2013-02-25,92.74
2013-02-26,92.63
2013-02-27,92.84
2013-02-28,92.03
2013-03-01,90.71
2013-03-02,90.51666666666667
2013-03-03,90.32333333333332
2013-03-04,90.13
2013-03-05,90.88
2013-03-06,90.47
2013-03-07,91.53
2013-03-08,92.01
2013-03-09,92.03
2013-03-10,92.05
2013-03-11,92.07
2013-03-12,92.44
2013-03-13,92.47
2013-03-14,93.03
2013-03-15,93.49
2013-03-16,93.56333333333333
2013-03-17,93.63666666666666
2013-03-18,93.71
2013-03-19,92.44
2013-03-20,93.21
2013-03-21,92.46
2013-03-22,93.41
2013-03-23,93.78999999999999
2013-03-24,94.17
2013-03-25,94.55
2013-03-26,95.99
2013-03-27,96.53
2013-03-28,97.24
2013-03-29,97.205
2013-03-30,97.16999999999999
2013-03-31,97.13499999999999
2013-04-01,97.1
2013-04-02,97.23
2013-04-03,95.02
2013-04-04,93.26
2013-04-05,92.76
2013-04-06,92.96000000000001
2013-04-07,93.16
2013-04-08,93.36
2013-04-09,94.18
2013-04-10,94.59
2013-04-11,93.44
2013-04-12,91.23
2013-04-13,90.40333333333334
2013-04-14,89.57666666666667
2013-04-15,88.75
2013-04-16,88.73
2013-04-17,86.65
2013-04-18,87.83
2013-04-19,88.04
2013-04-20,88.29666666666667
2013-04-21,88.55333333333334
2013-04-22,88.81
2013-04-23,89.21
2013-04-24,91.07
2013-04-25,93.27
2013-04-26,92.63
2013-04-27,93.11666666666666
2013-04-28,93.60333333333334
2013-04-29,94.09
2013-04-30,93.22
2013-05-01,90.74
2013-05-02,93.7
2013-05-03,95.25
2013-05-04,95.43333333333334
2013-05-05,95.61666666666666
2013-05-06,95.8
2013-05-07,95.28
2013-05-08,96.24
2013-05-09,96.09
2013-05-10,95.81
2013-05-11,95.46000000000001
2013-05-12,95.11
2013-05-13,94.76
2013-05-14,93.96
2013-05-15,93.95
2013-05-16,94.85
2013-05-17,95.72
2013-05-18,95.91
2013-05-19,96.10000000000001
2013-05-20,96.29
2013-05-21,95.55
2013-05-22,93.98
2013-05-23,94.12
2013-05-24,93.84
2013-05-25,94.0425
2013-05-26,94.245
2013-05-27,94.4475
2013-05-28,94.65
2013-05-29,93.13
2013-05-30,93.57
2013-05-31,91.93
2013-06-01,92.42333333333333
2013-06-02,92.91666666666667
2013-06-03,93.41
2013-06-04,93.36
2013-06-05,93.66
2013-06-06,94.71
2013-06-07,96.11
2013-06-08,96.01333333333334
2013-06-09,95.91666666666666
2013-06-10,95.82
2013-06-11,95.5
2013-06-12,95.98
2013-06-13,96.66
2013-06-14,97.83
2013-06-15,97.84
2013-06-16,97.85
2013-06-17,97.86
2013-06-18,98.46
2013-06-19,98.24
2013-06-20,94.89
2013-06-21,93.81
2013-06-22,94.23
2013-06-23,94.64999999999999
2013-06-24,95.07
2013-06-25,95.25
2013-06-26,95.47
2013-06-27,97.0
2013-06-28,96.36
2013-06-29,96.88666666666667
2013-06-30,97.41333333333333
2013-07-01,97.94
2013-07-02,99.65
2013-07-03,101.92
2013-07-04,102.505
2013-07-05,103.09
2013-07-06,103.07000000000001
2013-07-07,103.05
2013-07-08,103.03
2013-07-09,103.46
2013-07-10,106.41
2013-07-11,104.77
2013-07-12,105.85
2013-07-13,105.96666666666667
2013-07-14,106.08333333333333
2013-07-15,106.2
2013-07-16,105.88
2013-07-17,106.39
2013-07-18,107.94
2013-07-19,108.0
2013-07-20,107.53666666666666
2013-07-21,107.07333333333334
2013-07-22,106.61
2013-07-23,107.13
2013-07-24,105.41
2013-07-25,105.47
2013-07-26,104.76
2013-07-27,104.71000000000001
2013-07-28,104.66
2013-07-29,104.61
2013-07-30,103.14
2013-07-31,105.1
2013-08-01,107.93
2013-08-02,106.94
2013-08-03,106.83
2013-08-04,106.72
2013-08-05,106.61
2013-08-06,105.32
2013-08-07,104.41
2013-08-08,103.45
2013-08-09,106.04
2013-08-10,106.09
2013-08-11,106.14
2013-08-12,106.19
2013-08-13,106.78
2013-08-14,106.89
2013-08-15,107.43
2013-08-16,107.58
2013-08-17,107.43333333333334
2013-08-18,107.28666666666666
2013-08-19,107.14
2013-08-20,104.9
2013-08-21,103.93
2013-08-22,104.93
2013-08-23,106.48
2013-08-24,106.28
2013-08-25,106.08
2013-08-26,105.88
2013-08-27,109.11
2013-08-28,110.17
2013-08-29,108.51
2013-08-30,107.98
2013-08-31,108.1525
2013-09-01,108.325
2013-09-02,108.4975
2013-09-03,108.67
2013-09-04,107.29
2013-09-05,108.5
2013-09-06,110.62
2013-09-07,110.28666666666668
2013-09-08,109.95333333333333
2013-09-09,109.62
2013-09-10,107.48
2013-09-11,107.65
2013-09-12,108.72
2013-09-13,108.31
2013-09-14,107.72
2013-09-15,107.13000000000001
2013-09-16,106.54
2013-09-17,105.36
2013-09-18,108.23
2013-09-19,106.26
2013-09-20,104.7
2013-09-21,104.34
2013-09-22,103.98
2013-09-23,103.62
2013-09-24,103.22
2013-09-25,102.68
2013-09-26,103.1
2013-09-27,102.86
2013-09-28,102.69333333333333
2013-09-29,102.52666666666667
2013-09-30,102.36
2013-10-01,102.09
2013-10-02,104.15
2013-10-03,103.29
2013-10-04,103.83
2013-10-05,103.57666666666667
2013-10-06,103.32333333333332
2013-10-07,103.07
2013-10-08,103.54
2013-10-09,101.63
2013-10-10,103.08
2013-10-11,102.17
2013-10-12,102.26666666666667
2013-10-13,102.36333333333333
2013-10-14,102.46
2013-10-15,101.15
2013-10-16,102.34
2013-10-17,100.72
2013-10-18,100.87
2013-10-19,100.34
2013-10-20,99.81
2013-10-21,99.28
2013-10-22,97.63
2013-10-23,96.9
2013-10-24,96.65
2013-10-25,97.4
2013-10-26,97.84666666666666
2013-10-27,98.29333333333334
2013-10-28,98.74
2013-10-29,98.29
2013-10-30,96.81
2013-10-31,96.29
2013-11-01,94.56
2013-11-02,94.56666666666666
2013-11-03,94.57333333333334
2013-11-04,94.58
2013-11-05,93.4
2013-11-06,94.74
2013-11-07,94.25
2013-11-08,94.56
2013-11-09,94.75
2013-11-10,94.94
2013-11-11,95.13
2013-11-12,93.12
2013-11-13,93.91
2013-11-14,93.76
2013-11-15,93.8
2013-11-16,93.54333333333334
2013-11-17,93.28666666666666
2013-11-18,93.03
2013-11-19,93.35
2013-11-20,93.34
2013-11-21,95.35
2013-11-22,94.53
2013-11-23,94.30666666666667
2013-11-24,94.08333333333333
2013-11-25,93.86
2013-11-26,93.41
2013-11-27,92.05
2013-11-28,92.3
2013-11-29,92.55
2013-11-30,92.90333333333334
2013-12-01,93.25666666666666
2013-12-02,93.61
2013-12-03,95.83
2013-12-04,96.97
2013-12-05,97.14
2013-12-06,97.48
2013-12-07,97.35333333333334
2013-12-08,97.22666666666666
2013-12-09,97.1
2013-12-10,98.32
2013-12-11,97.25
2013-12-12,97.21
2013-12-13,96.27
2013-12-14,96.57333333333334
2013-12-15,96.87666666666667
2013-12-16,97.18
2013-12-17,96.99
2013-12-18,97.59
2013-12-19,98.4
2013-12-20,99.11
2013-12-21,98.94666666666667
2013-12-22,98.78333333333333
2013-12-23,98.62
2013-12-24,98.87
2013-12-25,99.025
2013-12-26,99.18
2013-12-27,99.94
2013-12-28,99.59333333333333
2013-12-29,99.24666666666667
2013-12-30,98.9
2013-12-31,98.17
2014-01-01,96.655
2014-01-02,95.14
2014-01-03,93.66
2014-01-04,93.48
2014-01-05,93.3
2014-01-06,93.12
2014-01-07,93.31
2014-01-08,91.9
2014-01-09,91.36
2014-01-10,92.39
2014-01-11,92.07666666666667
2014-01-12,91.76333333333334
2014-01-13,91.45
2014-01-14,92.15
2014-01-15,93.78
2014-01-16,93.54
2014-01-17,93.96
2014-01-18,94.0975
2014-01-19,94.235
2014-01-20,94.3725
2014-01-21,94.51
2014-01-22,96.35
2014-01-23,97.23
2014-01-24,96.66
2014-01-25,96.38
2014-01-26,96.1
2014-01-27,95.82
2014-01-28,97.49
2014-01-29,97.34
2014-01-30,98.25
2014-01-31,97.55
2014-02-01,97.17999999999999
2014-02-02,96.81
2014-02-03,96.44
2014-02-04,97.24
2014-02-05,97.4
2014-02-06,97.84
2014-02-07,99.98
2014-02-08,100.02666666666667
2014-02-09,100.07333333333334
2014-02-10,100.12
2014-02-11,99.96
2014-02-12,100.38
2014-02-13,100.27
2014-02-14,100.31
2014-02-15,100.8675
2014-02-16,101.42500000000001
2014-02-17,101.9825
2014-02-18,102.54
2014-02-19,103.46
2014-02-20,103.2
2014-02-21,102.53
2014-02-22,102.74333333333334
2014-02-23,102.95666666666666
2014-02-24,103.17
2014-02-25,102.2
2014-02-26,102.93
2014-02-27,102.68
2014-02-28,102.88
2014-03-01,103.7
2014-03-02,104.52
2014-03-03,105.34
2014-03-04,103.64
2014-03-05,101.75
2014-03-06,101.82
2014-03-07,102.82
2014-03-08,102.34333333333333
2014-03-09,101.86666666666666
2014-03-10,101.39
2014-03-11,100.29
2014-03-12,98.29
2014-03-13,98.57
2014-03-14,99.23
2014-03-15,98.96333333333334
2014-03-16,98.69666666666667
2014-03-17,98.43
2014-03-18,100.08
2014-03-19,100.71
2014-03-20,99.68
2014-03-21,99.97
2014-03-22,99.99666666666667
2014-03-23,100.02333333333333
2014-03-24,100.05
2014-03-25,99.66
2014-03-26,100.61
2014-03-27,101.25
2014-03-28,101.73
2014-03-29,101.67666666666666
2014-03-30,101.62333333333333
2014-03-31,101.57
2014-04-01,99.69
2014-04-02,99.6
2014-04-03,100.29
2014-04-04,101.16
2014-04-05,100.91666666666667
2014-04-06,100.67333333333333
2014-04-07,100.43
2014-04-08,102.57
2014-04-09,103.55
2014-04-10,103.37
2014-04-11,103.68
2014-04-12,103.80333333333334
2014-04-13,103.92666666666666
2014-04-14,104.05
2014-04-15,103.7
2014-04-16,103.71
2014-04-17,104.33
2014-04-18,104.335
2014-04-19,104.34
2014-04-20,104.345
2014-04-21,104.35
2014-04-22,101.69
2014-04-23,101.47
2014-04-24,102.2
2014-04-25,100.85
2014-04-26,100.94333333333333
2014-04-27,101.03666666666666
2014-04-28,101.13
2014-04-29,101.56
2014-04-30,100.07
2014-05-01,99.69
2014-05-02,100.09
2014-05-03,99.97333333333333
2014-05-04,99.85666666666667
2014-05-05,99.74
2014-05-06,99.81
2014-05-07,101.06
2014-05-08,100.52
2014-05-09,100.32
2014-05-10,100.50999999999999
2014-05-11,100.7
2014-05-12,100.89
2014-05-13,102.01
2014-05-14,102.63
2014-05-15,101.74
2014-05-16,102.31
2014-05-17,102.52333333333334
2014-05-18,102.73666666666666
2014-05-19,102.95
2014-05-20,102.8
2014-05-21,104.31
2014-05-22,104.03
2014-05-23,105.01
2014-05-24,104.9525
2014-05-25,104.89500000000001
2014-05-26,104.8375
2014-05-27,104.78
2014-05-28,103.37
2014-05-29,104.26
2014-05-30,103.4
2014-05-31,103.29
2014-06-01,103.17999999999999
2014-06-02,103.07
2014-06-03,103.34
2014-06-04,103.27
2014-06-05,103.17
2014-06-06,103.32
2014-06-07,103.91
2014-06-08,104.5
2014-06-09,105.09
2014-06-10,105.02
2014-06-11,105.04
2014-06-12,107.2
2014-06-13,107.49
2014-06-14,107.5
2014-06-15,107.50999999999999
2014-06-16,107.52
2014-06-17,106.95
2014-06-18,106.64
2014-06-19,107.08
2014-06-20,107.95
2014-06-21,107.57666666666667
2014-06-22,107.20333333333333
2014-06-23,106.83
2014-06-24,106.64
2014-06-25,107.04
2014-06-26,106.49
2014-06-27,106.46
2014-06-28,106.33
2014-06-29,106.19999999999999
2014-06-30,106.07
2014-07-01,106.06
2014-07-02,105.18
2014-07-03,104.76
2014-07-04,104.6175
2014-07-05,104.475
2014-07-06,104.3325
2014-07-07,104.19
2014-07-08,104.06
2014-07-09,102.93
2014-07-10,103.61
2014-07-11,101.48
2014-07-12,101.56333333333333
2014-07-13,101.64666666666668
2014-07-14,101.73
2014-07-15,100.56
2014-07-16,101.88
2014-07-17,103.84
2014-07-18,103.83
2014-07-19,104.33333333333333
2014-07-20,104.83666666666667
2014-07-21,105.34
2014-07-22,104.59
2014-07-23,103.81
2014-07-24,102.76
2014-07-25,105.23
2014-07-26,105.38000000000001
2014-07-27,105.53
2014-07-28,105.68
2014-07-29,104.91
2014-07-30,104.29
2014-07-31,98.23
2014-08-01,97.86
2014-08-02,97.99333333333334
2014-08-03,98.12666666666667
2014-08-04,98.26
2014-08-05,97.34
2014-08-06,96.93
2014-08-07,97.34
2014-08-08,97.61
2014-08-09,97.77
2014-08-10,97.93
2014-08-11,98.09
2014-08-12,97.36
2014-08-13,97.57
2014-08-14,95.54
2014-08-15,97.3
2014-08-16,97.01333333333334
2014-08-17,96.72666666666666
2014-08-18,96.44
2014-08-19,94.35
2014-08-20,96.4
2014-08-21,93.97
2014-08-22,93.61
2014-08-23,94.20333333333333
2014-08-24,94.79666666666667
2014-08-25,95.39
2014-08-26,95.78
2014-08-27,95.82
2014-08-28,96.44
2014-08-29,97.86
2014-08-30,96.625
2014-08-31,95.39
2014-09-01,94.155
2014-09-02,92.92
2014-09-03,95.5
2014-09-04,94.51
2014-09-05,93.32
2014-09-06,93.09333333333333
2014-09-07,92.86666666666666
2014-09-08,92.64
2014-09-09,92.73
2014-09-10,91.71
2014-09-11,92.89
2014-09-12,92.18
2014-09-13,92.40666666666667
2014-09-14,92.63333333333334
2014-09-15,92.86
2014-09-16,94.91
2014-09-17,94.33
2014-09-18,93.07
2014-09-19,92.43
2014-09-20,92.10666666666667
2014-09-21,91.78333333333333
2014-09-22,91.46
2014-09-23,91.55
2014-09-24,93.6
2014-09-25,93.59
2014-09-26,95.55
2014-09-27,95.21
2014-09-28,94.87
2014-09-29,94.53
2014-09-30,91.17
2014-10-01,90.74
2014-10-02,91.02
2014-10-03,89.76
2014-10-04,89.95
2014-10-05,90.14
2014-10-06,90.33
2014-10-07,88.89
2014-10-08,87.29
2014-10-09,85.76
2014-10-10,85.87
2014-10-11,85.82333333333334
2014-10-12,85.77666666666667
2014-10-13,85.73
2014-10-14,81.72
2014-10-15,81.82
2014-10-16,82.33
2014-10-17,82.8
2014-10-18,82.78666666666666
2014-10-19,82.77333333333334
2014-10-20,82.76
2014-10-21,83.25
2014-10-22,80.52
2014-10-23,82.81
2014-10-24,81.27
2014-10-25,81.26666666666667
2014-10-26,81.26333333333334
2014-10-27,81.26
2014-10-28,81.36
2014-10-29,82.25
2014-10-30,81.06
2014-10-31,80.53
2014-11-01,79.94333333333333
2014-11-02,79.35666666666667
2014-11-03,78.77
2014-11-04,77.15
2014-11-05,78.71
2014-11-06,77.87
2014-11-07,78.71
2014-11-08,78.28333333333333
2014-11-09,77.85666666666667
2014-11-10,77.43
2014-11-11,77.85
2014-11-12,77.16
2014-11-13,74.13
2014-11-14,75.91
2014-11-15,75.82
2014-11-16,75.73
2014-11-17,75.64
2014-11-18,74.55
2014-11-19,74.55
2014-11-20,75.63
2014-11-21,76.52
2014-11-22,76.25999999999999
2014-11-23,76.0
2014-11-24,75.74
2014-11-25,74.04
2014-11-26,73.7
2014-11-27,69.82
2014-11-28,65.94
2014-11-29,66.95333333333333
2014-11-30,67.96666666666667
2014-12-01,68.98
2014-12-02,66.99
2014-12-03,67.3
2014-12-04,66.73
2014-12-05,65.89
2014-12-06,64.97
2014-12-07,64.05
2014-12-08,63.13
2014-12-09,63.74
2014-12-10,60.99
2014-12-11,60.01
2014-12-12,57.81
2014-12-13,57.193333333333335
2014-12-14,56.57666666666667
2014-12-15,55.96
2014-12-16,55.97
2014-12-17,56.43
2014-12-18,54.18
2014-12-19,56.91
2014-12-20,56.35666666666666
2014-12-21,55.803333333333335
2014-12-22,55.25
2014-12-23,56.78
2014-12-24,55.7
2014-12-25,55.145
2014-12-26,54.59
2014-12-27,54.21333333333334
2014-12-28,53.836666666666666
2014-12-29,53.46
2014-12-30,54.14
2014-12-31,53.45
2015-01-01,53.085
2015-01-02,52.72
2015-01-03,51.83
2015-01-04,50.94
2015-01-05,50.05
2015-01-06,47.98
2015-01-07,48.69
2015-01-08,48.8
2015-01-09,48.35
2015-01-10,47.586666666666666
2015-01-11,46.82333333333334
2015-01-12,46.06
2015-01-13,45.92
2015-01-14,48.49
2015-01-15,46.37
2015-01-16,48.49
2015-01-17,48.065
2015-01-18,47.64
2015-01-19,47.215
2015-01-20,46.79
2015-01-21,47.85
2015-01-22,45.93
2015-01-23,45.26
2015-01-24,45.10666666666666
2015-01-25,44.95333333333333
2015-01-26,44.8
2015-01-27,45.84
2015-01-28,44.08
2015-01-29,44.12
2015-01-30,47.79
2015-01-31,48.276666666666664
2015-02-01,48.763333333333335
2015-02-02,49.25
2015-02-03,53.04
2015-02-04,48.45
2015-02-05,50.48
2015-02-06,51.66
2015-02-07,52.10333333333333
2015-02-08,52.54666666666667
2015-02-09,52.99
2015-02-10,50.06
2015-02-11,48.8
2015-02-12,51.17
2015-02-13,52.66
2015-02-14,52.885
2015-02-15,53.11
2015-02-16,53.335
2015-02-17,53.56
2015-02-18,52.13
2015-02-19,51.12
2015-02-20,49.95
2015-02-21,49.82
2015-02-22,49.690000000000005
2015-02-23,49.56
2015-02-24,48.48
2015-02-25,50.25
2015-02-26,47.65
2015-02-27,49.84
2015-02-28,49.75666666666667
2015-03-01,49.67333333333334
2015-03-02,49.59
2015-03-03,50.43
2015-03-04,51.53
2015-03-05,50.76
2015-03-06,49.61
2015-03-07,49.723333333333336
2015-03-08,49.836666666666666
2015-03-09,49.95
2015-03-10,48.42
2015-03-11,48.06
2015-03-12,47.12
2015-03-13,44.88
2015-03-14,44.56333333333333
2015-03-15,44.24666666666667
2015-03-16,43.93
2015-03-17,43.39
2015-03-18,44.63
2015-03-19,44.02
2015-03-20,46.0
2015-03-21,46.46666666666667
2015-03-22,46.93333333333333
2015-03-23,47.4
2015-03-24,47.03
2015-03-25,48.75
2015-03-26,51.41
2015-03-27,48.83
2015-03-28,48.77333333333333
2015-03-29,48.71666666666666
2015-03-30,48.66
2015-03-31,47.72
2015-04-01,50.12
2015-04-02,49.13
2015-04-03,49.8675
2015-04-04,50.605000000000004
2015-04-05,51.3425
2015-04-06,52.08
2015-04-07,53.95
2015-04-08,50.44
2015-04-09,50.79
2015-04-10,51.63
2015-04-11,51.73666666666667
2015-04-12,51.843333333333334
2015-04-13,51.95
2015-04-14,53.3
2015-04-15,56.25
2015-04-16,56.69
2015-04-17,55.71
2015-04-18,55.93
2015-04-19,56.15
2015-04-20,56.37
2015-04-21,55.58
2015-04-22,56.17
2015-04-23,56.59
2015-04-24,55.98
2015-04-25,55.839999999999996
2015-04-26,55.7
2015-04-27,55.56
2015-04-28,57.05
2015-04-29,58.55
2015-04-30,59.62
2015-05-01,59.1
2015-05-02,59.04
2015-05-03,58.980000000000004
2015-05-04,58.92
2015-05-05,60.38
2015-05-06,60.93
2015-05-07,58.99
2015-05-08,59.41
2015-05-09,59.349999999999994
2015-05-10,59.29
2015-05-11,59.23
2015-05-12,60.72
2015-05-13,60.5
2015-05-14,59.89
2015-05-15,59.73
2015-05-16,59.63333333333333
2015-05-17,59.53666666666666
2015-05-18,59.44
2015-05-19,57.3
2015-05-20,58.96
2015-05-21,60.18
2015-05-22,58.88
2015-05-23,58.4825
2015-05-24,58.085
2015-05-25,57.6875
2015-05-26,57.29
2015-05-27,57.51
2015-05-28,57.69
2015-05-29,60.25
2015-05-30,60.24666666666667
2015-05-31,60.24333333333333
2015-06-01,60.24
2015-06-02,61.3
2015-06-03,59.67
2015-06-04,58.0
2015-06-05,59.11
2015-06-06,58.79
2015-06-07,58.47
2015-06-08,58.15
2015-06-09,60.15
2015-06-10,61.36
2015-06-11,60.74
2015-06-12,59.96
2015-06-13,59.81666666666667
2015-06-14,59.67333333333333
2015-06-15,59.53
2015-06-16,60.01
2015-06-17,59.89
2015-06-18,60.41
2015-06-19,59.62
2015-06-20,59.75
2015-06-21,59.879999999999995
2015-06-22,60.01
2015-06-23,61.05
2015-06-24,60.01
2015-06-25,59.59
2015-06-26,59.41
2015-06-27,59.053333333333335
2015-06-28,58.696666666666665
2015-06-29,58.34
2015-06-30,59.48
2015-07-01,56.94
2015-07-02,56.93
2015-07-03,55.817499999999995
2015-07-04,54.705
2015-07-05,53.5925
2015-07-06,52.48
2015-07-07,52.33
2015-07-08,51.61
2015-07-09,52.76
2015-07-10,52.74
2015-07-11,52.556666666666665
2015-07-12,52.373333333333335
2015-07-13,52.19
2015-07-14,53.05
2015-07-15,51.4
2015-07-16,50.9
2015-07-17,50.88
2015-07-18,50.623333333333335
2015-07-19,50.36666666666667
2015-07-20,50.11
2015-07-21,50.59
2015-07-22,49.27
2015-07-23,48.11
2015-07-24,47.98
2015-07-25,47.71
2015-07-26,47.44
2015-07-27,47.17
2015-07-28,47.97
2015-07-29,48.77
2015-07-30,48.53
2015-07-31,47.11
2015-08-01,46.49
2015-08-02,45.87
2015-08-03,45.25
2015-08-04,45.75
2015-08-05,45.13
2015-08-06,44.69
2015-08-07,43.87
2015-08-08,44.22666666666667
2015-08-09,44.58333333333333
2015-08-10,44.94
2015-08-11,43.11
2015-08-12,43.22
2015-08-13,42.27
2015-08-14,42.45
2015-08-15,42.27666666666667
2015-08-16,42.10333333333333
2015-08-17,41.93
2015-08-18,42.58
2015-08-19,40.75
2015-08-20,41.0
2015-08-21,40.45
2015-08-22,39.70666666666667
2015-08-23,38.96333333333333
2015-08-24,38.22
2015-08-25,39.15
2015-08-26,38.5
2015-08-27,42.47
2015-08-28,45.29
2015-08-29,46.593333333333334
2015-08-30,47.89666666666667
2015-08-31,49.2
2015-09-01,45.38
2015-09-02,46.3
2015-09-03,46.75
2015-09-04,46.02
2015-09-05,45.995000000000005
2015-09-06,45.97
2015-09-07,45.945
2015-09-08,45.92
2015-09-09,44.13
2015-09-10,45.85
2015-09-11,44.75
2015-09-12,44.52333333333333
2015-09-13,44.29666666666667
2015-09-14,44.07
2015-09-15,44.58
2015-09-16,47.12
2015-09-17,46.93
2015-09-18,44.71
2015-09-19,45.36333333333334
2015-09-20,46.016666666666666
2015-09-21,46.67
2015-09-22,46.17
2015-09-23,44.53
2015-09-24,44.94
2015-09-25,45.55
2015-09-26,45.166666666666664
2015-09-27,44.78333333333333
2015-09-28,44.4
2015-09-29,45.24
2015-09-30,45.06
2015-10-01,44.75
2015-10-02,45.54
2015-10-03,45.78666666666667
2015-10-04,46.03333333333333
2015-10-05,46.28
2015-10-06,48.53
2015-10-07,47.86
2015-10-08,49.46
2015-10-09,49.67
2015-10-10,48.81
2015-10-11,47.95
2015-10-12,47.09
2015-10-13,46.7
2015-10-14,46.63
2015-10-15,46.38
2015-10-16,47.3
2015-10-17,46.836666666666666
2015-10-18,46.37333333333333
2015-10-19,45.91
2015-10-20,45.84
2015-10-21,45.22
2015-10-22,44.9
2015-10-23,43.91
2015-10-24,43.669999999999995
2015-10-25,43.43
2015-10-26,43.19
2015-10-27,43.21
2015-10-28,45.93
2015-10-29,46.02
2015-10-30,46.6
2015-10-31,46.44
2015-11-01,46.28
2015-11-02,46.12
2015-11-03,47.88
2015-11-04,46.32
2015-11-05,45.27
2015-11-06,44.32
2015-11-07,44.17
2015-11-08,44.019999999999996
2015-11-09,43.87
2015-11-10,44.23
2015-11-11,42.95
2015-11-12,41.74
2015-11-13,40.69
2015-11-14,41.019999999999996
2015-11-15,41.35
2015-11-16,41.68
2015-11-17,40.73
2015-11-18,40.75
2015-11-19,40.55
2015-11-20,39.39
2015-11-21,39.35
2015-11-22,39.31
2015-11-23,39.27
2015-11-24,40.89
2015-11-25,41.22
2015-11-26,40.894999999999996
2015-11-27,40.57
2015-11-28,40.52333333333333
2015-11-29,40.47666666666667
2015-11-30,40.43
2015-12-01,40.58
2015-12-02,39.93
2015-12-03,41.08
2015-12-04,40.0
2015-12-05,39.21333333333333
2015-12-06,38.42666666666667
2015-12-07,37.64
2015-12-08,37.46
2015-12-09,37.16
2015-12-10,36.76
2015-12-11,35.65
2015-12-12,35.87
2015-12-13,36.09
2015-12-14,36.31
2015-12-15,37.32
2015-12-16,35.55
2015-12-17,34.98
2015-12-18,34.72
2015-12-19,34.663333333333334
2015-12-20,34.60666666666666
2015-12-21,34.55
2015-12-22,36.12
2015-12-23,36.76
2015-12-24,37.62
2015-12-25,37.305
2015-12-26,36.989999999999995
2015-12-27,36.675
2015-12-28,36.36
2015-12-29,37.88
2015-12-30,36.59
2015-12-31,37.13
2016-01-01,37.050000000000004
2016-01-02,36.97
2016-01-03,36.89
2016-01-04,36.81
2016-01-05,35.97
2016-01-06,33.97
2016-01-07,33.29
2016-01-08,33.2
2016-01-09,32.60666666666667
2016-01-10,32.013333333333335
2016-01-11,31.42
2016-01-12,30.42
2016-01-13,30.42
2016-01-14,31.22
2016-01-15,29.45
2016-01-16,29.205
2016-01-17,28.96
2016-01-18,28.715
2016-01-19,28.47
2016-01-20,26.68
2016-01-21,29.55
2016-01-22,32.07
2016-01-23,31.483333333333334
2016-01-24,30.896666666666665
2016-01-25,30.31
2016-01-26,29.54
2016-01-27,32.32
2016-01-28,33.21
2016-01-29,33.66
2016-01-30,32.98
2016-01-31,32.3
2016-02-01,31.62
2016-02-02,29.9
2016-02-03,32.29
2016-02-04,31.63
2016-02-05,30.86
2016-02-06,30.476666666666667
2016-02-07,30.093333333333334
2016-02-08,29.71
2016-02-09,27.96
2016-02-10,27.54
2016-02-11,26.19
2016-02-12,29.32
2016-02-13,29.2525
2016-02-14,29.185000000000002
2016-02-15,29.1175
2016-02-16,29.05
2016-02-17,30.68
2016-02-18,30.77
2016-02-19,29.59
2016-02-20,30.183333333333334
2016-02-21,30.776666666666667
2016-02-22,31.37
2016-02-23,31.84
2016-02-24,30.35
2016-02-25,31.4
2016-02-26,31.65
2016-02-27,32.013333333333335
2016-02-28,32.376666666666665
2016-02-29,32.74
2016-03-01,34.39
2016-03-02,34.57
2016-03-03,34.56
2016-03-04,35.91
2016-03-05,36.57333333333333
2016-03-06,37.236666666666665
2016-03-07,37.9
2016-03-08,36.67
2016-03-09,37.62
2016-03-10,37.77
2016-03-11,38.51
2016-03-12,38.07333333333333
2016-03-13,37.63666666666667
2016-03-14,37.2
2016-03-15,36.32
2016-03-16,38.43
2016-03-17,40.17
2016-03-18,39.47
2016-03-19,39.61666666666667
2016-03-20,39.76333333333333
2016-03-21,39.91
2016-03-22,41.45
2016-03-23,38.28
2016-03-24,38.14
2016-03-25,38.1025
2016-03-26,38.065
2016-03-27,38.0275
2016-03-28,37.99
2016-03-29,36.91
2016-03-30,36.91
2016-03-31,36.94
2016-04-01,35.36
2016-04-02,35.00666666666667
2016-04-03,34.65333333333333
2016-04-04,34.3
2016-04-05,34.52
2016-04-06,37.74
2016-04-07,37.3
2016-04-08,39.74
2016-04-09,39.980000000000004
2016-04-10,40.22
2016-04-11,40.46
2016-04-12,42.12
2016-04-13,41.7
2016-04-14,41.45
2016-04-15,40.4
2016-04-16,40.18
2016-04-17,39.96
2016-04-18,39.74
2016-04-19,40.88
2016-04-20,42.72
2016-04-21,43.18
2016-04-22,42.76
2016-04-23,42.39666666666667
2016-04-24,42.03333333333333
2016-04-25,41.67
2016-04-26,42.52
2016-04-27,45.29
2016-04-28,46.03
2016-04-29,45.98
2016-04-30,45.57
2016-05-01,45.16
2016-05-02,44.75
2016-05-03,43.65
2016-05-04,43.77
2016-05-05,44.33
2016-05-06,44.58
2016-05-07,44.20333333333333
2016-05-08,43.82666666666667
2016-05-09,43.45
2016-05-10,44.68
2016-05-11,46.21
2016-05-12,46.64
2016-05-13,46.22
2016-05-14,46.72
2016-05-15,47.22
2016-05-16,47.72
2016-05-17,48.29
2016-05-18,48.12
2016-05-19,48.16
2016-05-20,47.67
2016-05-21,47.82
2016-05-22,47.97
2016-05-23,48.12
2016-05-24,48.04
2016-05-25,49.1
2016-05-26,49.0
2016-05-27,49.36
2016-05-28,49.295
2016-05-29,49.230000000000004
2016-05-30,49.165
2016-05-31,49.1
2016-06-01,49.07
2016-06-02,49.14
2016-06-03,48.69
2016-06-04,49.03
2016-06-05,49.37
2016-06-06,49.71
2016-06-07,50.37
2016-06-08,51.23
2016-06-09,50.52
2016-06-10,49.09
2016-06-11,49.02333333333333
2016-06-12,48.95666666666667
2016-06-13,48.89
2016-06-14,48.49
2016-06-15,47.92
2016-06-16,46.14
2016-06-17,48.0
2016-06-18,48.46666666666667
2016-06-19,48.93333333333333
2016-06-20,49.4
2016-06-21,48.95
2016-06-22,49.16
2016-06-23,49.34
2016-06-24,46.7
2016-06-25,46.4
2016-06-26,46.1
2016-06-27,45.8
2016-06-28,47.93
2016-06-29,49.85
2016-06-30,48.27
2016-07-01,49.02
2016-07-02,48.447500000000005
2016-07-03,47.875
2016-07-04,47.302499999999995
2016-07-05,46.73
2016-07-06,47.37
2016-07-07,45.22
2016-07-08,45.37
2016-07-09,45.156666666666666
2016-07-10,44.94333333333333
2016-07-11,44.73
2016-07-12,46.82
2016-07-13,44.87
2016-07-14,45.64
2016-07-15,45.93
2016-07-16,45.696666666666665
2016-07-17,45.46333333333333
2016-07-18,45.23
2016-07-19,44.64
2016-07-20,44.96
2016-07-21,43.96
2016-07-22,43.41
2016-07-23,43.07333333333333
2016-07-24,42.736666666666665
2016-07-25,42.4
2016-07-26,42.16
2016-07-27,41.9
2016-07-28,41.13
2016-07-29,41.54
2016-07-30,41.04333333333333
2016-07-31,40.54666666666667
2016-08-01,40.05
2016-08-02,39.5
2016-08-03,40.8
2016-08-04,41.92
2016-08-05,41.83
2016-08-06,42.24
2016-08-07,42.65
2016-08-08,43.06
2016-08-09,42.78
2016-08-10,41.75
2016-08-11,43.51
2016-08-12,44.47
2016-08-13,44.88666666666666
2016-08-14,45.303333333333335
2016-08-15,45.72
2016-08-16,46.57
2016-08-17,46.81
2016-08-18,48.2
2016-08-19,48.48
2016-08-20,47.919999999999995
2016-08-21,47.36
2016-08-22,46.8
2016-08-23,47.54
2016-08-24,46.29
2016-08-25,46.97
2016-08-26,47.64
2016-08-27,47.416666666666664
2016-08-28,47.193333333333335
2016-08-29,46.97
2016-08-30,46.32
2016-08-31,44.68
2016-09-01,43.17
2016-09-02,44.39
2016-09-03,44.505
2016-09-04,44.620000000000005
2016-09-05,44.735
2016-09-06,44.85
2016-09-07,45.47
2016-09-08,47.63
2016-09-09,45.88
2016-09-10,46.013333333333335
2016-09-11,46.14666666666667
2016-09-12,46.28
2016-09-13,44.91
2016-09-14,43.62
2016-09-15,43.85
2016-09-16,43.04
2016-09-17,43.14
2016-09-18,43.24
2016-09-19,43.34
2016-09-20,43.85
2016-09-21,45.33
2016-09-22,46.1
2016-09-23,44.36
2016-09-24,44.77333333333333
2016-09-25,45.18666666666667
2016-09-26,45.6
2016-09-27,44.65
2016-09-28,47.07
2016-09-29,47.72
2016-09-30,47.72
2016-10-01,48.08
2016-10-02,48.44
2016-10-03,48.8
2016-10-04,48.67
2016-10-05,49.75
2016-10-06,50.44
2016-10-07,49.76
2016-10-08,49.76
2016-10-09,49.76
2016-10-10,49.76
2016-10-11,50.72
2016-10-12,50.14
2016-10-13,50.47
2016-10-14,50.35
2016-10-15,50.223333333333336
2016-10-16,50.096666666666664
2016-10-17,49.97
2016-10-18,50.3
2016-10-19,51.59
2016-10-20,50.31
2016-10-21,50.61
2016-10-22,50.46666666666667
2016-10-23,50.32333333333333
2016-10-24,50.18
2016-10-25,49.45
2016-10-26,48.75
2016-10-27,49.71
2016-10-28,48.72
2016-10-29,48.089999999999996
2016-10-30,47.46
2016-10-31,46.83
2016-11-01,46.66
2016-11-02,45.32
2016-11-03,44.66
2016-11-04,44.07
2016-11-05,44.34
2016-11-06,44.61
2016-11-07,44.88
2016-11-08,44.96
2016-11-09,45.2
2016-11-10,44.62
2016-11-11,43.39
2016-11-12,43.35666666666667
2016-11-13,43.32333333333333
2016-11-14,43.29
2016-11-15,45.86
2016-11-16,45.56
2016-11-17,45.37
2016-11-18,45.69
2016-11-19,46.28666666666666
2016-11-20,46.88333333333333
2016-11-21,47.48
2016-11-22,48.07
2016-11-23,46.72
2016-11-24,46.72
2016-11-25,46.72
2016-11-26,46.36666666666667
2016-11-27,46.01333333333333
2016-11-28,45.66
2016-11-29,45.29
2016-11-30,49.41
2016-12-01,51.08
2016-12-02,51.7
2016-12-03,51.70666666666667
2016-12-04,51.71333333333333
2016-12-05,51.72
2016-12-06,50.95
2016-12-07,49.85
2016-12-08,50.84
2016-12-09,51.51
2016-12-10,51.92
2016-12-11,52.33
2016-12-12,52.74
2016-12-13,52.99
2016-12-14,51.01
2016-12-15,50.9
2016-12-16,51.93
2016-12-17,51.99666666666667
2016-12-18,52.06333333333333
2016-12-19,52.13
2016-12-20,52.22
2016-12-21,51.44
2016-12-22,51.98
2016-12-23,52.01
2016-12-24,52.2125
2016-12-25,52.415
2016-12-26,52.6175
2016-12-27,52.82
2016-12-28,54.01
2016-12-29,53.8
2016-12-30,53.75
2016-12-31,53.4025
2017-01-01,53.055
2017-01-02,52.707499999999996
2017-01-03,52.36
2017-01-04,53.26
2017-01-05,53.77
2017-01-06,53.98
2017-01-07,53.303333333333335
2017-01-08,52.626666666666665
2017-01-09,51.95
2017-01-10,50.82
2017-01-11,52.19
2017-01-12,53.01
2017-01-13,52.36
2017-01-14,52.3825
2017-01-15,52.405
2017-01-16,52.4275
2017-01-17,52.45
2017-01-18,51.12
2017-01-19,51.39
2017-01-20,52.33
2017-01-21,52.47666666666667
2017-01-22,52.623333333333335
2017-01-23,52.77
2017-01-24,52.38
2017-01-25,52.14
2017-01-26,53.24
2017-01-27,53.18
2017-01-28,52.99666666666667
2017-01-29,52.81333333333333
2017-01-30,52.63
2017-01-31,52.75
2017-02-01,53.9
2017-02-02,53.55
2017-02-03,53.81
2017-02-04,53.54333333333334
2017-02-05,53.276666666666664
2017-02-06,53.01
2017-02-07,52.19
2017-02-08,52.37
2017-02-09,52.99
2017-02-10,53.84
2017-02-11,53.54666666666667
2017-02-12,53.25333333333334
2017-02-13,52.96
2017-02-14,53.21
2017-02-15,53.11
2017-02-16,53.41
2017-02-17,53.41
2017-02-18,53.5625
2017-02-19,53.715
2017-02-20,53.8675
2017-02-21,54.02
2017-02-22,53.61
2017-02-23,54.48
2017-02-24,53.99
2017-02-25,54.00666666666667
2017-02-26,54.02333333333333
2017-02-27,54.04
2017-02-28,54.0
2017-03-01,53.82
2017-03-02,52.63
2017-03-03,53.33
2017-03-04,53.28333333333333
2017-03-05,53.236666666666665
2017-03-06,53.19
2017-03-07,52.68
2017-03-08,49.83
2017-03-09,48.75
2017-03-10,48.05
2017-03-11,48.016666666666666
2017-03-12,47.983333333333334
2017-03-13,47.95
2017-03-14,47.24
2017-03-15,48.34
2017-03-16,48.3
2017-03-17,48.34
2017-03-18,48.156666666666666
2017-03-19,47.973333333333336
2017-03-20,47.79
2017-03-21,47.02
2017-03-22,47.29
2017-03-23,47.0
2017-03-24,47.3
2017-03-25,47.20666666666666
2017-03-26,47.11333333333334
2017-03-27,47.02
2017-03-28,48.36
2017-03-29,49.47
2017-03-30,50.3
2017-03-31,50.54
2017-04-01,50.443333333333335
2017-04-02,50.346666666666664
2017-04-03,50.25
2017-04-04,50.99
2017-04-05,51.14
2017-04-06,51.69
2017-04-07,52.25
2017-04-08,52.52
2017-04-09,52.79
2017-04-10,53.06
2017-04-11,53.38
2017-04-12,53.12
2017-04-13,53.19
2017-04-14,53.0475
2017-04-15,52.905
2017-04-16,52.762499999999996
2017-04-17,52.62
2017-04-18,52.46
2017-04-19,50.49
2017-04-20,50.26
2017-04-21,49.64
2017-04-22,49.39333333333333
2017-04-23,49.14666666666667
2017-04-24,48.9
2017-04-25,49.22
2017-04-26,49.22
2017-04-27,48.96
2017-04-28,49.31
2017-04-29,49.15
2017-04-30,48.99
2017-05-01,48.83
2017-05-02,47.65
2017-05-03,47.79
2017-05-04,45.55
2017-05-05,46.23
2017-05-06,46.306666666666665
2017-05-07,46.38333333333333
2017-05-08,46.46
2017-05-09,45.84
2017-05-10,47.28
2017-05-11,47.81
2017-05-12,47.83
2017-05-13,48.17333333333333
2017-05-14,48.516666666666666
2017-05-15,48.86
2017-05-16,48.64
2017-05-17,49.04
2017-05-18,49.36
2017-05-19,50.32
2017-05-20,50.483333333333334
2017-05-21,50.64666666666667
2017-05-22,50.81
2017-05-23,51.12
2017-05-24,50.99
2017-05-25,48.57
2017-05-26,49.58
2017-05-27,49.5925
2017-05-28,49.605000000000004
2017-05-29,49.6175
2017-05-30,49.63
2017-05-31,48.29
2017-06-01,48.32
2017-06-02,47.68
2017-06-03,47.586666666666666
2017-06-04,47.49333333333333
2017-06-05,47.4
2017-06-06,48.13
2017-06-07,45.8
2017-06-08,45.68
2017-06-09,45.82
2017-06-10,45.913333333333334
2017-06-11,46.00666666666667
2017-06-12,46.1
2017-06-13,46.41
2017-06-14,44.79
2017-06-15,44.47
2017-06-16,44.73
2017-06-17,44.56666666666666
2017-06-18,44.403333333333336
2017-06-19,44.24
2017-06-20,43.34
2017-06-21,42.48
2017-06-22,42.53
2017-06-23,42.86
2017-06-24,42.986666666666665
2017-06-25,43.11333333333334
2017-06-26,43.24
2017-06-27,44.25
2017-06-28,44.74
2017-06-29,44.88
2017-06-30,46.02
2017-07-01,45.838
2017-07-02,45.656
2017-07-03,45.474000000000004
2017-07-04,45.292
2017-07-05,45.11
2017-07-06,45.52
2017-07-07,44.25
2017-07-08,44.3
2017-07-09,44.35
2017-07-10,44.4
2017-07-11,45.06
2017-07-12,45.48
2017-07-13,46.06
2017-07-14,46.53
2017-07-15,46.36
2017-07-16,46.190000000000005
2017-07-17,46.02
2017-07-18,46.4
2017-07-19,47.1
2017-07-20,46.73
2017-07-21,45.78
2017-07-22,45.92333333333333
2017-07-23,46.06666666666667
2017-07-24,46.21
2017-07-25,47.77
2017-07-26,48.58
2017-07-27,49.05
2017-07-28,49.72
2017-07-29,49.88333333333333
2017-07-30,50.04666666666667
2017-07-31,50.21
2017-08-01,49.19
2017-08-02,49.6
2017-08-03,49.03
2017-08-04,49.57
2017-08-05,49.50333333333333
2017-08-06,49.43666666666667
2017-08-07,49.37
2017-08-08,49.07
2017-08-09,49.59
2017-08-10,48.54
2017-08-11,48.81
2017-08-12,48.403333333333336
2017-08-13,47.99666666666667
2017-08-14,47.59
2017-08-15,47.57
2017-08-16,46.8
2017-08-17,47.07
2017-08-18,48.59
2017-08-19,48.190000000000005
2017-08-20,47.79
2017-08-21,47.39
2017-08-22,47.65
2017-08-23,48.45
2017-08-24,47.24
2017-08-25,47.65
2017-08-26,47.233333333333334
2017-08-27,46.81666666666666
2017-08-28,46.4
2017-08-29,46.46
2017-08-30,45.96
2017-08-31,47.26
2017-09-01,47.26
2017-09-02,47.26
2017-09-03,47.26
2017-09-04,47.26
2017-09-05,47.26
2017-09-06,47.26
2017-09-07,47.26
2017-09-08,47.26
2017-09-09,47.26
2017-09-10,47.26
2017-09-11,47.26
2017-09-12,47.26
2017-09-13,47.26
2017-09-14,47.26
2017-09-15,47.26
2017-09-16,47.26
2017-09-17,47.26
2017-09-18,47.26
2017-09-19,47.26
2017-09-20,47.26
2017-09-21,47.26
2017-09-22,47.26
2017-09-23,47.26
2017-09-24,47.26
2017-09-25,47.26
2017-09-26,47.26
2017-09-27,47.26
2017-09-28,47.26
2017-09-29,47.26
2017-09-30,47.26
2017-10-01,47.26
2017-10-02,47.26
2017-10-03,47.26
2017-10-04,47.26
2017-10-05,47.26
2017-10-06,47.26
2017-10-07,47.26
2017-10-08,47.26
2017-10-09,47.26
2017-10-10,47.26
2017-10-11,47.26
2017-10-12,47.26
2017-10-13,47.26
2017-10-14,47.26
2017-10-15,47.26
2017-10-16,47.26
2017-10-17,47.26
2017-10-18,47.26
2017-10-19,47.26
2017-10-20,47.26
2017-10-21,47.26
2017-10-22,47.26
2017-10-23,47.26
2017-10-24,47.26
2017-10-25,47.26
2017-10-26,47.26
2017-10-27,47.26
2017-10-28,47.26
2017-10-29,47.26
2017-10-30,47.26
2017-10-31,47.26
2017-11-01,47.26
2017-11-02,47.26
2017-11-03,47.26
2017-11-04,47.26
2017-11-05,47.26
2017-11-06,47.26
2017-11-07,47.26
2017-11-08,47.26
2017-11-09,47.26
2017-11-10,47.26
2017-11-11,47.26
2017-11-12,47.26
2017-11-13,47.26
2017-11-14,47.26
2017-11-15,47.26
2017-11-16,47.26
2017-11-17,47.26
2017-11-18,47.26
2017-11-19,47.26
2017-11-20,47.26
2017-11-21,47.26
2017-11-22,47.26
2017-11-23,47.26
2017-11-24,47.26
2017-11-25,47.26
2017-11-26,47.26
2017-11-27,47.26
2017-11-28,47.26
2017-11-29,47.26
2017-11-30,47.26
2017-12-01,47.26
2017-12-02,47.26
2017-12-03,47.26
2017-12-04,47.26
2017-12-05,47.26
2017-12-06,47.26
2017-12-07,47.26
2017-12-08,47.26
2017-12-09,47.26
2017-12-10,47.26
2017-12-11,47.26
2017-12-12,47.26
2017-12-13,47.26
2017-12-14,47.26
2017-12-15,47.26
2017-12-16,47.26
2017-12-17,47.26
2017-12-18,47.26
2017-12-19,47.26
2017-12-20,47.26
2017-12-21,47.26
2017-12-22,47.26
2017-12-23,47.26
2017-12-24,47.26
2017-12-25,47.26
2017-12-26,47.26
2017-12-27,47.26
2017-12-28,47.26
2017-12-29,47.26
2017-12-30,47.26
2017-12-31,47.26
2018-01-01,47.26
2018-01-02,47.26
2018-01-03,47.26
2018-01-04,47.26
2018-01-05,47.26
2018-01-06,47.26
2018-01-07,47.26
2018-01-08,47.26
2018-01-09,47.26
2018-01-10,47.26
2018-01-11,47.26
2018-01-12,47.26
2018-01-13,47.26
2018-01-14,47.26
2018-01-15,47.26
2018-01-16,47.26
2018-01-17,47.26
2018-01-18,47.26
2018-01-19,47.26
2018-01-20,47.26
2018-01-21,47.26
2018-01-22,47.26
2018-01-23,47.26
2018-01-24,47.26
2018-01-25,47.26
2018-01-26,47.26
2018-01-27,47.26
2018-01-28,47.26
2018-01-29,47.26
2018-01-30,47.26
2018-01-31,47.26
2018-02-01,47.26
2018-02-02,47.26
2018-02-03,47.26
2018-02-04,47.26
2018-02-05,47.26
2018-02-06,47.26
2018-02-07,47.26
2018-02-08,47.26
2018-02-09,47.26
2018-02-10,47.26
2018-02-11,47.26
2018-02-12,47.26
2018-02-13,47.26
2018-02-14,47.26
2018-02-15,47.26
2018-02-16,47.26
2018-02-17,47.26
2018-02-18,47.26
2018-02-19,47.26
2018-02-20,47.26
2018-02-21,47.26
2018-02-22,47.26
2018-02-23,47.26
2018-02-24,47.26
2018-02-25,47.26
2018-02-26,47.26
2018-02-27,47.26
2018-02-28,47.26
2018-03-01,47.26
2018-03-02,47.26
2018-03-03,47.26
2018-03-04,47.26
2018-03-05,47.26
2018-03-06,47.26
2018-03-07,47.26
2018-03-08,47.26
2018-03-09,47.26
2018-03-10,47.26
2018-03-11,47.26
2018-03-12,47.26
2018-03-13,47.26
2018-03-14,47.26
2018-03-15,47.26
2018-03-16,47.26
2018-03-17,47.26
2018-03-18,47.26
2018-03-19,47.26
2018-03-20,47.26
2018-03-21,47.26
2018-03-22,47.26
2018-03-23,47.26
2018-03-24,47.26
2018-03-25,47.26
2018-03-26,47.26
2018-03-27,47.26
2018-03-28,47.26
2018-03-29,47.26
2018-03-30,47.26
2018-03-31,47.26
2018-04-01,47.26
2018-04-02,47.26
2018-04-03,47.26
2018-04-04,47.26
2018-04-05,47.26
2018-04-06,47.26
2018-04-07,47.26
2018-04-08,47.26
2018-04-09,47.26
2018-04-10,47.26
2018-04-11,47.26
2018-04-12,47.26
2018-04-13,47.26
2018-04-14,47.26
2018-04-15,47.26
2018-04-16,47.26
2018-04-17,47.26
2018-04-18,47.26
2018-04-19,47.26
2018-04-20,47.26
2018-04-21,47.26
2018-04-22,47.26
2018-04-23,47.26
2018-04-24,47.26
2018-04-25,47.26
2018-04-26,47.26
2018-04-27,47.26
2018-04-28,47.26
2018-04-29,47.26
2018-04-30,47.26
2018-05-01,47.26
2018-05-02,47.26
2018-05-03,47.26
2018-05-04,47.26
2018-05-05,47.26
2018-05-06,47.26
2018-05-07,47.26
2018-05-08,47.26
2018-05-09,47.26
2018-05-10,47.26
2018-05-11,47.26
2018-05-12,47.26
2018-05-13,47.26
2018-05-14,47.26
2018-05-15,47.26
2018-05-16,47.26
2018-05-17,47.26
2018-05-18,47.26
2018-05-19,47.26
2018-05-20,47.26
2018-05-21,47.26
2018-05-22,47.26
2018-05-23,47.26
2018-05-24,47.26
2018-05-25,47.26
2018-05-26,47.26
2018-05-27,47.26
2018-05-28,47.26
2018-05-29,47.26
2018-05-30,47.26
2018-05-31,47.26
2018-06-01,47.26
2018-06-02,47.26
2018-06-03,47.26
2018-06-04,47.26
2018-06-05,47.26
2018-06-06,47.26
2018-06-07,47.26
2018-06-08,47.26
2018-06-09,47.26
2018-06-10,47.26
2018-06-11,47.26
2018-06-12,47.26
2018-06-13,47.26
2018-06-14,47.26
2018-06-15,47.26
2018-06-16,47.26
2018-06-17,47.26
2018-06-18,47.26
2018-06-19,47.26
2018-06-20,47.26
2018-06-21,47.26
2018-06-22,47.26
2018-06-23,47.26
2018-06-24,47.26
2018-06-25,47.26
2018-06-26,47.26
2018-06-27,47.26
2018-06-28,47.26
2018-06-29,47.26
2018-06-30,47.26
2018-07-01,47.26
2018-07-02,47.26
2018-07-03,47.26
2018-07-04,47.26
2018-07-05,47.26
2018-07-06,47.26
2018-07-07,47.26
2018-07-08,47.26
2018-07-09,47.26
2018-07-10,47.26
2018-07-11,47.26
2018-07-12,47.26
2018-07-13,47.26
2018-07-14,47.26
2018-07-15,47.26
2018-07-16,47.26
2018-07-17,47.26
2018-07-18,47.26
2018-07-19,47.26
2018-07-20,47.26
2018-07-21,47.26
2018-07-22,47.26
2018-07-23,47.26
2018-07-24,47.26
2018-07-25,47.26
2018-07-26,47.26
2018-07-27,47.26
2018-07-28,47.26
2018-07-29,47.26
2018-07-30,47.26
2018-07-31,47.26
2018-08-01,47.26
2018-08-02,47.26
2018-08-03,47.26
2018-08-04,47.26
2018-08-05,47.26
2018-08-06,47.26
2018-08-07,47.26
2018-08-08,47.26
2018-08-09,47.26
2018-08-10,47.26
2018-08-11,47.26
2018-08-12,47.26
2018-08-13,47.26
2018-08-14,47.26
2018-08-15,47.26
2018-08-16,47.26
2018-08-17,47.26
2018-08-18,47.26
2018-08-19,47.26
2018-08-20,47.26
2018-08-21,47.26
2018-08-22,47.26
2018-08-23,47.26
2018-08-24,47.26
2018-08-25,47.26
2018-08-26,47.26
2018-08-27,47.26
2018-08-28,47.26
2018-08-29,47.26
2018-08-30,47.26
2018-08-31,47.26
2018-09-01,47.26
2018-09-02,47.26
2018-09-03,47.26
2018-09-04,47.26
2018-09-05,47.26
2018-09-06,47.26
2018-09-07,47.26
2018-09-08,47.26
2018-09-09,47.26
2018-09-10,47.26
2018-09-11,47.26
2018-09-12,47.26
2018-09-13,47.26
2018-09-14,47.26
2018-09-15,47.26
2018-09-16,47.26
2018-09-17,47.26
2018-09-18,47.26
2018-09-19,47.26
2018-09-20,47.26
2018-09-21,47.26
2018-09-22,47.26
2018-09-23,47.26
2018-09-24,47.26
2018-09-25,47.26
2018-09-26,47.26
2018-09-27,47.26
2018-09-28,47.26
2018-09-29,47.26
2018-09-30,47.26
2018-10-01,47.26
2018-10-02,47.26
2018-10-03,47.26
2018-10-04,47.26
2018-10-05,47.26
2018-10-06,47.26
2018-10-07,47.26
2018-10-08,47.26
2018-10-09,47.26
2018-10-10,47.26
2018-10-11,47.26
2018-10-12,47.26
2018-10-13,47.26
2018-10-14,47.26
2018-10-15,47.26
2018-10-16,47.26
2018-10-17,47.26
2018-10-18,47.26
2018-10-19,47.26
2018-10-20,47.26
2018-10-21,47.26
2018-10-22,47.26
2018-10-23,47.26
2018-10-24,47.26
2018-10-25,47.26
2018-10-26,47.26
2018-10-27,47.26
2018-10-28,47.26
2018-10-29,47.26
2018-10-30,47.26
2018-10-31,47.26
2018-11-01,47.26
2018-11-02,47.26
2018-11-03,47.26
2018-11-04,47.26
2018-11-05,47.26
2018-11-06,47.26
2018-11-07,47.26
2018-11-08,47.26
2018-11-09,47.26
2018-11-10,47.26
2018-11-11,47.26
2018-11-12,47.26
2018-11-13,47.26
2018-11-14,47.26
2018-11-15,47.26
2018-11-16,47.26
2018-11-17,47.26
2018-11-18,47.26
2018-11-19,47.26
2018-11-20,47.26
2018-11-21,47.26
2018-11-22,47.26
2018-11-23,47.26
2018-11-24,47.26
2018-11-25,47.26
2018-11-26,47.26
2018-11-27,47.26
2018-11-28,47.26
2018-11-29,47.26
2018-11-30,47.26
2018-12-01,47.26
2018-12-02,47.26
2018-12-03,47.26
2018-12-04,47.26
2018-12-05,47.26
2018-12-06,47.26
2018-12-07,47.26
2018-12-08,47.26
2018-12-09,47.26
2018-12-10,47.26
2018-12-11,47.26
2018-12-12,47.26
2018-12-13,47.26
2018-12-14,47.26
2018-12-15,47.26
2018-12-16,47.26
2018-12-17,47.26
2018-12-18,47.26
2018-12-19,47.26
2018-12-20,47.26
2018-12-21,47.26
2018-12-22,47.26
2018-12-23,47.26
2018-12-24,47.26
2018-12-25,47.26
2018-12-26,47.26
2018-12-27,47.26
2018-12-28,47.26
2018-12-29,47.26
2018-12-30,47.26
2018-12-31,47.26
